SAMPLE_ID,TRIP_ID,START_DATETIME,START_RKM,CATCH_PER_HOUR
451193,LC20140415,4/15/2014,4.6,0.11
451194,LC20140415,4/16/2014,4.6,0.07
451195,LC20140415,4/17/2014,4.6,0.09
451196,LC20140415,4/15/2014,4.48,0.16
451200,LC20140415,4/16/2014,4.44,0.49
451202,LC20140415,4/15/2014,4.23,0.69
451204,LC20140415,4/17/2014,4.23,0.25
451205,LC20140415,4/15/2014,4.15,0.21
451207,LC20140415,4/17/2014,4.15,0.17
451209,LC20140415,4/16/2014,4.1,0.36
451213,LC20140415,4/17/2014,4,0.32
451214,LC20140415,4/15/2014,3.78,0.29
451215,LC20140415,4/16/2014,3.78,0.04
451216,LC20140415,4/17/2014,3.78,0.04
451217,LC20140415,4/15/2014,3.81,0.23
451219,LC20140415,4/17/2014,3.81,0.93
451221,LC20140415,4/16/2014,3.79,0.09
451223,LC20140415,4/15/2014,3.42,0.40
451224,LC20140415,4/16/2014,3.42,0.19
451225,LC20140415,4/17/2014,3.42,0.07
451226,LC20140415,4/15/2014,3.33,0.04
451229,LC20140415,4/15/2014,3.19,0.13
451230,LC20140415,4/16/2014,3.19,0.10
451232,LC20140415,4/15/2014,3.16,0.13
451234,LC20140415,4/17/2014,3.16,0.14
451235,LC20140415,4/15/2014,3.13,0.17
451236,LC20140415,4/16/2014,3.13,0.05
451238,LC20140415,4/15/2014,3.1,0.41
451239,LC20140415,4/16/2014,3.1,0.21
451245,LC20140415,4/16/2014,2.98,0.16
451247,LC20140415,4/15/2014,2.94,0.31
451248,LC20140415,4/16/2014,2.94,0.37
451251,LC20140415,4/19/2014,2.92,0.26
451253,LC20140415,4/18/2014,12.23,0.36
451254,LC20140415,4/16/2014,12.12,2.18
451255,LC20140415,4/17/2014,12.12,0.53
451256,LC20140415,4/18/2014,12.12,1.62
451257,LC20140415,4/16/2014,12.1,0.12
451258,LC20140415,4/17/2014,12.1,0.05
451260,LC20140415,4/18/2014,2.86,0.22
451261,LC20140415,4/19/2014,2.86,0.18
451262,LC20140415,4/20/2014,2.86,0.14
451263,LC20140415,4/18/2014,2.85,0.13
451266,LC20140415,4/18/2014,2.83,0.22
451267,LC20140415,4/20/2014,2.54,0.37
451268,LC20140415,4/18/2014,2.51,0.04
451269,LC20140415,4/19/2014,2.51,0.35
451270,LC20140415,4/20/2014,2.51,0.05
451271,LC20140415,4/18/2014,2.48,4.13
451272,LC20140415,4/19/2014,2.48,0.54
451273,LC20140415,4/20/2014,2.48,0.44
451274,LC20140415,4/19/2014,2.4,0.04
451275,LC20140415,4/20/2014,2.4,0.24
451276,LC20140415,4/18/2014,2.3,2.95
451278,LC20140415,4/20/2014,2.3,0.04
451279,LC20140415,4/18/2014,2.1,0.22
451280,LC20140415,4/19/2014,2.1,0.61
451281,LC20140415,4/18/2014,2.15,0.21
451283,LC20140415,4/20/2014,2.15,0.19
451286,LC20140415,4/20/2014,2.1,0.22
451287,LC20140415,4/18/2014,2.05,0.23
451288,LC20140415,4/20/2014,2.02,0.04
451290,LC20140415,4/22/2014,1.91,0.08
451291,LC20140415,4/23/2014,1.91,0.04
451295,LC20140415,4/22/2014,1.56,0.23
451296,LC20140415,4/23/2014,1.56,0.22
451297,LC20140415,4/21/2014,1.5,0.05
451299,LC20140415,4/23/2014,1.5,0.15
451302,LC20140415,4/21/2014,1.19,0.30
451304,LC20140415,4/23/2014,1.19,1.15
451305,LC20140415,4/21/2014,1.25,0.05
451306,LC20140415,4/22/2014,1.25,0.04
451307,LC20140415,4/23/2014,1.25,0.18
451308,LC20140415,4/21/2014,1.23,0.10
451309,LC20140415,4/23/2014,0.78,0.09
451311,LC20140415,4/22/2014,0.69,0.19
451313,LC20140415,4/21/2014,0.61,0.05
451315,LC20140415,4/23/2014,0.61,0.05
451316,LC20140415,4/19/2014,2.83,0.04
451317,LC20140415,4/20/2014,2.83,0.24
451318,LC20140415,4/18/2014,2.8,0.35
451319,LC20140415,4/19/2014,2.8,0.11
451320,LC20140415,4/20/2014,2.8,0.05
451322,LC20140415,4/19/2014,2.54,0.04
451324,LC20140415,4/19/2014,2.45,0.51
451325,LC20140415,4/20/2014,2.45,0.09
451326,LC20140415,4/19/2014,2.43,2.00
451328,LC20140415,4/20/2014,2.43,0.66
451330,LC20140415,4/20/2014,2.1,0.20
451331,LC20140415,4/18/2014,2.22,0.19
451333,LC20140415,4/20/2014,2.22,0.08
451334,LC20140415,4/18/2014,2.2,0.51
451335,LC20140415,4/19/2014,2.2,0.30
451336,LC20140415,4/20/2014,2.2,0.49
451337,LC20140415,4/19/2014,2.05,0.21
451338,LC20140415,4/20/2014,2.05,0.36
451340,LC20140415,4/19/2014,2.02,0.11
451341,LC20140415,4/20/2014,2.02,0.29
451342,LC20140415,4/18/2014,2.02,0.31
451343,LC20140415,4/19/2014,2.02,0.16
451344,LC20140415,4/21/2014,1.8,0.31
451345,LC20140415,4/22/2014,1.8,0.14
451347,LC20140415,4/21/2014,1.68,0.18
451348,LC20140415,4/22/2014,1.68,0.09
451349,LC20140415,4/23/2014,1.68,0.11
451352,LC20140415,4/21/2014,1.34,1.44
451353,LC20140415,4/22/2014,1.34,0.48
451354,LC20140415,4/23/2014,1.34,1.29
451355,LC20140415,4/21/2014,1.32,0.34
451356,LC20140415,4/22/2014,1.32,1.66
451357,LC20140415,4/23/2014,1.32,0.16
451358,LC20140415,4/22/2014,1.23,0.12
451359,LC20140415,4/23/2014,1.23,0.26
451360,LC20140415,4/21/2014,1.17,0.10
451361,LC20140415,4/22/2014,1.17,0.16
451364,LC20140415,4/22/2014,0.78,0.08
451365,LC20140415,4/21/2014,0.31,0.11
451366,LC20140415,4/22/2014,0.31,0.15
451370,LC20140415,4/23/2014,0.25,0.05
451371,LC20140415,4/21/2014,0.21,0.11
451372,LC20140415,4/22/2014,0.21,0.04
451374,LC20140415,4/21/2014,0.2,0.45
451375,LC20140415,4/22/2014,0.2,0.22
451376,LC20140415,4/23/2014,0.2,0.10
451377,LC20140415,4/16/2014,4.88,0.19
451378,LC20140415,4/17/2014,4.88,0.30
451379,LC20140415,4/17/2014,5.78,0.05
451380,LC20140415,4/16/2014,5.85,0.46
451381,LC20140415,4/17/2014,5.85,0.27
451382,LC20140415,4/16/2014,5.94,0.04
451383,LC20140415,4/17/2014,5.94,0.34
451388,LC20140415,4/17/2014,6.22,0.11
451389,LC20140415,4/16/2014,6.25,0.90
451390,LC20140415,4/17/2014,6.25,0.08
451391,LC20140415,4/16/2014,6.31,0.70
451392,LC20140415,4/17/2014,6.31,0.54
451393,LC20140415,4/17/2014,6.36,0.24
451396,LC20140415,4/18/2014,6.45,0.27
451398,LC20140415,4/20/2014,6.44,0.10
451399,LC20140415,4/18/2014,6.48,0.65
451400,LC20140415,4/20/2014,6.55,0.15
451401,LC20140415,4/18/2014,6.58,0.84
451402,LC20140415,4/19/2014,6.58,0.19
451403,LC20140415,4/20/2014,6.58,0.09
451406,LC20140415,4/20/2014,6.65,0.96
451407,LC20140415,4/19/2014,7.05,0.28
451408,LC20140415,4/20/2014,7.05,0.19
451409,LC20140415,4/18/2014,7.56,0.66
451410,LC20140415,4/19/2014,7.5,0.75
451411,LC20140415,4/20/2014,7.5,0.33
451412,LC20140415,4/18/2014,7.57,0.14
451413,LC20140415,4/19/2014,7.57,0.05
451415,LC20140415,4/19/2014,7.8,0.11
451417,LC20140415,4/18/2014,7.85,0.10
451418,LC20140415,4/19/2014,7.85,0.38
451419,LC20140415,4/20/2014,7.85,0.21
451421,LC20140415,4/20/2014,7.95,0.07
451423,LC20140415,4/19/2014,7.97,0.06
451425,LC20140415,4/18/2014,7.98,0.88
451427,LC20140415,4/20/2014,7.98,0.03
451428,LC20140415,4/16/2014,4.97,0.41
451429,LC20140415,4/17/2014,4.97,0.10
451431,LC20140415,4/17/2014,5,0.34
451432,LC20140415,4/16/2014,5.02,0.30
451434,LC20140415,4/16/2014,5.78,0.30
451439,LC20140415,4/16/2014,6.09,0.12
451441,LC20140415,4/16/2014,6.16,0.24
451442,LC20140415,4/16/2014,6.33,0.04
451443,LC20140415,4/17/2014,6.33,0.18
451444,LC20140415,4/16/2014,6.34,0.08
451445,LC20140415,4/17/2014,6.34,0.04
451446,LC20140415,4/16/2014,6.35,0.25
451447,LC20140415,4/17/2014,6.35,0.07
451448,LC20140415,4/16/2014,6.36,0.34
451449,LC20140415,4/19/2014,6.48,0.14
451450,LC20140415,4/20/2014,6.48,0.51
451451,LC20140415,4/18/2014,6.52,0.52
451452,LC20140415,4/19/2014,6.52,0.04
451454,LC20140415,4/18/2014,6.55,0.38
451455,LC20140415,4/19/2014,6.55,0.29
451456,LC20140415,4/18/2014,6.69,1.93
451457,LC20140415,4/19/2014,6.69,0.34
451458,LC20140415,4/20/2014,6.69,10.97
451459,LC20140415,4/18/2014,6.81,5.70
451462,LC20140415,4/18/2014,7.05,0.93
451464,LC20140415,4/18/2014,7.59,0.03
451465,LC20140415,4/19/2014,7.6,0.10
451466,LC20140415,4/20/2014,7.6,0.04
451469,LC20140415,4/20/2014,7.62,0.11
451470,LC20140415,4/19/2014,7.89,0.55
451471,LC20140415,4/20/2014,7.89,0.14
451472,LC20140415,4/18/2014,7.95,0.10
451475,LC20140415,4/18/2014,7.95,0.65
451479,LC20140415,4/23/2014,7.99,0.30
451480,LC20140415,4/21/2014,8.07,1.40
451481,LC20140415,4/22/2014,8.07,0.14
451482,LC20140415,4/23/2014,8.07,0.05
451483,LC20140415,4/21/2014,8.17,0.23
451484,LC20140415,4/22/2014,8.17,0.33
451485,LC20140415,4/23/2014,8.17,0.05
451486,LC20140415,4/21/2014,8.23,2.42
451487,LC20140415,4/22/2014,8.23,0.50
451488,LC20140415,4/23/2014,8.23,0.37
451489,LC20140415,4/21/2014,8.28,1.10
451490,LC20140415,4/22/2014,8.28,0.08
451492,LC20140415,4/22/2014,8.45,0.17
451496,LC20140415,4/23/2014,8.49,5.99
451498,LC20140415,4/23/2014,8.69,0.08
451500,LC20140415,4/22/2014,8.8,0.14
451501,LC20140415,4/23/2014,8.8,0.11
451502,LC20140415,4/21/2014,9.06,0.46
451504,LC20140415,4/23/2014,9.06,0.22
451505,LC20140415,4/22/2014,9.31,0.36
451506,LC20140415,4/23/2014,9.31,0.07
451507,LC20140415,4/21/2014,9.34,0.42
451508,LC20140415,4/22/2014,9.34,0.31
451509,LC20140415,4/23/2014,9.34,0.14
451511,LC20140415,4/22/2014,9.49,0.22
451512,LC20140415,4/16/2014,13.55,1.91
451513,LC20140415,4/17/2014,13.55,1.30
451515,LC20140415,4/16/2014,13.55,0.52
451516,LC20140415,4/17/2014,13.55,0.21
451517,LC20140415,4/18/2014,13.55,0.25
451519,LC20140415,4/18/2014,13.32,0.09
451521,LC20140415,4/17/2014,13.25,1.62
451523,LC20140415,4/16/2014,13.23,0.09
451524,LC20140415,4/17/2014,13.23,0.15
451525,LC20140415,4/16/2014,12.96,0.58
451526,LC20140415,4/17/2014,12.96,0.66
451527,LC20140415,4/18/2014,12.96,0.21
451530,LC20140415,4/18/2014,12.88,0.08
451532,LC20140415,4/18/2014,12.76,1.11
451533,LC20140415,4/16/2014,12.64,0.70
451534,LC20140415,4/17/2014,12.64,0.69
451535,LC20140415,4/18/2014,12.63,0.32
451536,LC20140415,4/16/2014,12.49,0.34
451537,LC20140415,4/17/2014,12.49,0.32
451538,LC20140415,4/18/2014,12.49,0.27
451539,LC20140415,4/23/2014,8.28,0.09
451540,LC20140415,4/21/2014,8.37,1.64
451542,LC20140415,4/23/2014,8.37,0.27
451543,LC20140415,4/21/2014,8.42,0.49
451544,LC20140415,4/22/2014,8.42,0.82
451545,LC20140415,4/23/2014,8.42,0.04
451549,LC20140415,4/22/2014,8.63,0.18
451550,LC20140415,4/23/2014,8.63,0.04
451551,LC20140415,4/21/2014,8.69,0.12
451552,LC20140415,4/22/2014,8.69,0.13
451553,LC20140415,4/21/2014,9.12,0.17
451556,LC20140415,4/21/2014,9.26,1.04
451557,LC20140415,4/22/2014,9.26,0.44
451558,LC20140415,4/23/2014,9.26,0.35
451561,LC20140415,4/21/2014,9.6,0.55
451562,LC20140415,4/22/2014,9.6,0.17
451563,LC20140415,4/23/2014,9.6,0.07
451564,LC20140415,4/16/2014,13.56,0.54
451565,LC20140415,4/17/2014,13.56,0.14
451566,LC20140415,4/18/2014,13.56,0.85
451567,LC20140415,4/16/2014,13.48,0.51
451568,LC20140415,4/17/2014,13.48,1.08
451575,LC20140415,4/16/2014,13.17,0.09
451578,LC20140415,4/16/2014,13.02,0.77
451579,LC20140415,4/17/2014,13.02,0.81
451580,LC20140415,4/18/2014,13.02,1.08
451582,LC20140415,4/18/2014,12.85,0.09
451583,LC20140415,4/16/2014,12.8,0.27
451586,LC20140415,4/16/2014,12.76,0.80
451587,LC20140415,4/17/2014,12.76,2.03
451588,LC20140415,4/16/2014,12.46,1.44
451589,LC20140415,4/17/2014,12.46,0.70
451590,LC20140415,4/18/2014,12.46,0.38
451591,LC20140415,4/16/2014,12.43,0.59
451592,LC20140415,4/17/2014,12.43,1.20
451593,LC20140415,4/18/2014,12.43,0.38
451594,LC20140415,4/16/2014,12.35,0.29
451595,LC20140415,4/17/2014,12.35,0.10
451596,LC20140415,4/18/2014,12.35,0.19
451597,LC20140415,4/16/2014,12.26,0.17
451599,LC20140415,4/18/2014,12.25,0.47
451600,LC20140415,4/16/2014,12.23,0.41
451601,LC20140415,4/17/2014,12.23,0.30
451603,LC20140415,4/17/2014,12.08,0.05
451605,LC20140415,4/16/2014,11.96,0.65
451606,LC20140415,4/17/2014,11.96,0.17
451607,LC20140415,4/18/2014,11.96,1.36
451608,LC20140415,4/16/2014,11.93,0.08
451609,LC20140415,4/17/2014,11.93,0.06
451610,LC20140415,4/18/2014,11.93,0.03
451611,LC20140415,4/16/2014,11.88,0.08
451612,LC20140415,4/17/2014,11.88,0.18
451613,LC20140415,4/18/2014,11.88,0.16
451614,LC20140415,4/16/2014,11.87,0.68
451615,LC20140415,4/17/2014,11.87,0.47
451616,LC20140415,4/18/2014,11.87,0.16
451617,LC20140415,4/16/2014,11.75,1.14
451618,LC20140415,4/17/2014,11.75,0.80
451619,LC20140415,4/18/2014,11.75,1.03
451620,LC20140415,4/19/2014,11.67,1.99
451621,LC20140415,4/20/2014,11.67,0.53
451622,LC20140415,4/19/2014,11.66,0.25
451623,LC20140415,4/20/2014,11.66,0.12
451624,LC20140415,4/19/2014,11.6,0.08
451625,LC20140415,4/20/2014,11.65,0.08
451626,LC20140415,4/19/2014,11.47,0.24
451628,LC20140415,4/19/2014,11.45,1.06
451629,LC20140415,4/20/2014,11.45,0.28
451630,LC20140415,4/19/2014,11.43,0.36
451631,LC20140415,4/20/2014,11.43,0.04
451634,LC20140415,4/19/2014,11.33,0.08
451635,LC20140415,4/20/2014,11.33,0.13
451636,LC20140415,4/19/2014,11.29,0.15
451637,LC20140415,4/20/2014,11.29,0.13
451638,LC20140415,4/19/2014,11.2,0.07
451639,LC20140415,4/20/2014,11.18,0.13
451640,LC20140415,4/19/2014,11.17,0.11
451641,LC20140415,4/20/2014,11.17,0.13
451642,LC20140415,4/19/2014,11.07,0.44
451643,LC20140415,4/20/2014,11.08,0.56
451646,LC20140415,4/21/2014,10.81,0.17
451647,LC20140415,4/22/2014,10.81,0.03
451648,LC20140415,4/23/2014,10.81,0.10
451649,LC20140415,4/21/2014,10.71,0.17
451650,LC20140415,4/22/2014,10.78,0.07
451651,LC20140415,4/23/2014,10.78,0.05
451652,LC20140415,4/21/2014,10.58,8.57
451653,LC20140415,4/22/2014,10.62,0.83
451654,LC20140415,4/23/2014,10.62,0.18
451655,LC20140415,4/21/2014,10.54,0.55
451656,LC20140415,4/22/2014,10.54,0.34
451657,LC20140415,4/23/2014,10.54,0.19
451658,LC20140415,4/21/2014,10.53,0.19
451659,LC20140415,4/22/2014,10.53,6.90
451660,LC20140415,4/23/2014,10.6,0.05
451661,LC20140415,4/21/2014,10.48,0.08
451662,LC20140415,4/22/2014,10.48,0.21
451663,LC20140415,4/23/2014,10.48,0.62
451664,LC20140415,4/21/2014,10.48,0.39
451665,LC20140415,4/22/2014,10.48,0.33
451666,LC20140415,4/23/2014,10.48,0.65
451667,LC20140415,4/21/2014,10.44,0.04
451668,LC20140415,4/22/2014,10.44,0.09
451670,LC20140415,4/15/2014,10.43,0.77
451672,LC20140415,4/18/2014,10.43,0.90
451673,LC20140415,4/19/2014,10.43,0.37
451674,LC20140415,4/20/2014,10.43,0.21
451675,LC20140415,4/21/2014,10.43,0.90
451676,LC20140415,4/22/2014,10.43,0.39
451677,LC20140415,4/23/2014,10.43,0.37
451678,LC20140415,4/21/2014,10.38,0.34
451679,LC20140415,4/22/2014,10.38,0.38
451680,LC20140415,4/23/2014,10.38,0.28
451681,LC20140415,4/21/2014,10.33,0.17
451682,LC20140415,4/22/2014,10.33,0.14
451683,LC20140415,4/23/2014,10.33,0.12
451684,LC20140415,4/21/2014,10.18,1.23
451685,LC20140415,4/22/2014,10.18,0.30
451686,LC20140415,4/23/2014,10.18,0.19
451687,LC20140415,4/21/2014,10.17,0.10
451688,LC20140415,4/22/2014,10.18,0.61
451689,LC20140415,4/23/2014,10.18,0.35
451690,LC20140415,4/21/2014,10.14,0.23
451691,LC20140415,4/22/2014,10.16,0.21
451692,LC20140415,4/23/2014,10.16,0.08
451693,LC20140415,4/21/2014,10.12,0.33
451695,LC20140415,4/23/2014,10.1,0.19
451696,LC20140415,4/21/2014,10.05,0.32
451697,LC20140415,4/22/2014,10.05,0.16
451699,LC20140415,4/21/2014,9.83,0.38
451700,LC20140415,4/22/2014,9.83,0.06
451701,LC20140415,4/23/2014,9.83,0.28
451705,LC20140513,5/14/2014,4.6,0.44
451706,LC20140513,5/13/2014,4.6,0.05
451709,LC20140513,5/14/2014,4.52,0.23
451710,LC20140513,5/15/2014,4.52,0.24
451712,LC20140513,5/14/2014,4.51,0.19
451715,LC20140513,5/14/2014,4.42,0.12
451716,LC20140513,5/15/2014,4.42,0.14
451717,LC20140513,5/13/2014,4.15,0.20
451718,LC20140513,5/14/2014,4.15,0.12
451719,LC20140513,5/15/2014,4.15,0.14
451720,LC20140513,5/13/2014,4.1,0.10
451722,LC20140513,5/15/2014,4.1,0.73
451723,LC20140513,5/13/2014,4,1.39
451726,LC20140513,5/13/2014,3.79,0.05
451727,LC20140513,5/14/2014,3.79,0.30
451728,LC20140513,5/15/2014,3.79,0.12
451729,LC20140513,5/13/2014,3.9,0.28
451730,LC20140513,5/14/2014,3.9,0.23
451731,LC20140513,5/15/2014,3.9,0.12
451732,LC20140513,5/13/2014,3.5,0.09
451733,LC20140513,5/14/2014,3.5,0.14
451734,LC20140513,5/15/2014,3.5,0.08
451735,LC20140513,5/13/2014,3.43,0.14
451736,LC20140513,5/14/2014,3.43,0.09
451739,LC20140513,5/14/2014,3.23,0.42
451740,LC20140513,5/15/2014,3.23,0.19
451741,LC20140513,5/13/2014,3.19,0.22
451742,LC20140513,5/14/2014,3.19,0.24
451743,LC20140513,5/15/2014,3.19,0.30
451744,LC20140513,5/13/2014,3.16,0.34
451746,LC20140513,5/15/2014,3.16,0.88
451747,LC20140513,5/13/2014,3.13,0.29
451748,LC20140513,5/14/2014,3.13,0.20
451749,LC20140513,5/15/2014,3.13,0.14
451751,LC20140513,5/14/2014,3.1,0.16
451752,LC20140513,5/15/2014,3.1,0.28
451754,LC20140513,5/14/2014,3.02,0.10
451755,LC20140513,5/15/2014,3.02,0.10
451756,LC20140513,5/13/2014,3,0.04
451757,LC20140513,5/14/2014,3,0.05
451758,LC20140513,5/15/2014,3,0.07
451759,LC20140513,5/13/2014,2.98,0.12
451760,LC20140513,5/14/2014,2.98,0.21
451762,LC20140513,5/16/2014,2.91,0.17
451763,LC20140513,5/17/2014,2.91,0.11
451767,LC20140513,5/15/2014,14.24,3.82
451769,LC20140513,5/14/2014,14.27,1.44
451770,LC20140513,5/15/2014,14.27,3.10
451771,LC20140513,5/13/2014,14.38,0.60
451772,LC20140513,5/14/2014,14.38,1.27
451773,LC20140513,5/15/2014,14.38,0.54
451774,LC20140513,5/17/2014,14.43,0.18
451775,LC20140513,5/18/2014,14.43,0.30
451776,LC20140513,5/19/2014,14.47,3.13
451777,LC20140513,5/17/2014,14.66,1.82
451778,LC20140513,5/18/2014,14.66,0.97
451780,LC20140513,5/17/2014,14.69,1.91
451787,LC20140513,5/18/2014,15.26,0.32
451788,LC20140513,5/19/2014,15.26,0.15
451792,LC20140513,5/17/2014,15.68,3.64
451793,LC20140513,5/18/2014,15.68,1.06
451794,LC20140513,5/19/2014,15.68,0.85
451795,LC20140513,5/18/2014,15.75,0.71
451798,LC20140513,5/17/2014,15.77,1.44
451799,LC20140513,5/18/2014,15.77,0.90
451800,LC20140513,5/19/2014,15.77,0.96
451801,LC20140513,5/17/2014,15.87,1.99
451802,LC20140513,5/18/2014,15.87,0.89
451803,LC20140513,5/19/2014,15.87,1.05
451804,LC20140513,5/17/2014,15.9,1.54
451805,LC20140513,5/18/2014,15.9,2.04
451806,LC20140513,5/19/2014,15.9,1.56
451807,LC20140513,5/17/2014,15.95,0.74
451809,LC20140513,5/19/2014,15.94,0.30
451811,LC20140513,5/18/2014,16.11,0.26
451812,LC20140513,5/19/2014,16.11,0.46
451813,LC20140513,5/17/2014,16.14,1.20
451814,LC20140513,5/18/2014,16.13,2.06
451819,LC20140513,5/17/2014,16.19,0.21
451825,LC20140513,5/17/2014,16.33,1.57
451826,LC20140513,5/18/2014,16.33,1.25
451827,LC20140513,5/19/2014,16.31,1.00
451828,LC20140513,5/16/2014,2.85,1.17
451829,LC20140513,5/17/2014,2.85,0.08
451831,LC20140513,5/16/2014,2.84,0.38
451832,LC20140513,5/17/2014,2.84,0.23
451833,LC20140513,5/16/2014,2.83,2.29
451835,LC20140513,5/18/2014,2.54,0.32
451836,LC20140513,5/16/2014,2.5,2.02
451837,LC20140513,5/17/2014,2.5,0.22
451838,LC20140513,5/18/2014,2.5,0.14
451840,LC20140513,5/17/2014,2.49,1.46
451841,LC20140513,5/18/2014,2.49,0.26
451842,LC20140513,5/17/2014,2.4,0.23
451843,LC20140513,5/18/2014,2.4,0.17
451845,LC20140513,5/17/2014,2.3,0.05
451847,LC20140513,5/16/2014,2.22,0.33
451848,LC20140513,5/17/2014,2.22,0.10
451849,LC20140513,5/16/2014,2.19,2.06
451850,LC20140513,5/17/2014,2.19,0.05
451852,LC20140513,5/16/2014,2.1,0.54
451853,LC20140513,5/17/2014,2.1,0.32
451854,LC20140513,5/18/2014,2.1,0.23
451855,LC20140513,5/16/2014,2.05,0.95
451856,LC20140513,5/18/2014,2.03,0.22
451857,LC20140513,5/19/2014,1.9,0.20
451859,LC20140513,5/21/2014,1.9,0.35
451860,LC20140513,5/19/2014,1.94,0.87
451861,LC20140513,5/20/2014,1.94,0.25
451862,LC20140513,5/21/2014,1.94,0.22
451863,LC20140513,5/20/2014,1.58,0.37
451865,LC20140513,5/19/2014,1.51,0.04
451867,LC20140513,5/21/2014,1.51,0.38
451868,LC20140513,5/19/2014,1.36,0.05
451869,LC20140513,5/20/2014,1.36,0.09
451871,LC20140513,5/20/2014,1.11,0.04
451872,LC20140513,5/21/2014,1.11,0.12
451873,LC20140513,5/19/2014,1.26,0.20
451875,LC20140513,5/21/2014,1.26,2.22
451877,LC20140513,5/21/2014,1.15,0.21
451878,LC20140513,5/19/2014,0.78,0.42
451880,LC20140513,5/21/2014,0.78,0.09
451881,LC20140513,5/19/2014,0.74,0.10
451882,LC20140513,5/20/2014,0.74,0.40
451885,LC20140513,5/18/2014,2.83,0.38
451886,LC20140513,5/16/2014,2.81,0.47
451887,LC20140513,5/17/2014,2.81,0.12
451888,LC20140513,5/18/2014,2.81,0.19
451889,LC20140513,5/16/2014,2.54,1.40
451890,LC20140513,5/17/2014,2.54,0.33
451891,LC20140513,5/16/2014,2.45,0.20
451892,LC20140513,5/17/2014,2.45,0.45
451893,LC20140513,5/18/2014,2.45,0.09
451894,LC20140513,5/16/2014,2.42,0.44
451895,LC20140513,5/17/2014,2.42,0.14
451896,LC20140513,5/18/2014,2.42,0.47
451898,LC20140513,5/18/2014,2.22,0.45
451899,LC20140513,5/16/2014,2.21,1.08
451900,LC20140513,5/17/2014,2.21,0.50
451902,LC20140513,5/16/2014,2.1,0.81
451903,LC20140513,5/17/2014,2.1,0.05
451904,LC20140513,5/18/2014,2.1,0.08
451905,LC20140513,5/17/2014,2.05,0.55
451906,LC20140513,5/18/2014,2.05,0.08
451907,LC20140513,5/16/2014,2.03,0.98
451908,LC20140513,5/17/2014,2.03,0.74
451909,LC20140513,5/18/2014,2.03,0.26
451910,LC20140513,5/16/2014,2.03,0.74
451911,LC20140513,5/17/2014,2.03,0.30
451912,LC20140513,5/19/2014,1.8,0.58
451913,LC20140513,5/20/2014,1.8,0.10
451914,LC20140513,5/21/2014,1.8,0.29
451915,LC20140513,5/19/2014,1.68,0.42
451916,LC20140513,5/20/2014,1.68,0.43
451917,LC20140513,5/21/2014,1.68,0.37
451918,LC20140513,5/19/2014,1.58,2.06
451920,LC20140513,5/19/2014,1.34,1.96
451921,LC20140513,5/20/2014,1.34,0.52
451922,LC20140513,5/21/2014,1.34,0.58
451923,LC20140513,5/19/2014,1.33,0.28
451926,LC20140513,5/20/2014,1.22,0.04
451927,LC20140513,5/21/2014,1.22,0.16
451928,LC20140513,5/19/2014,1.17,0.10
451930,LC20140513,5/21/2014,1.17,0.17
451931,LC20140513,5/19/2014,1.15,0.10
451932,LC20140513,5/20/2014,1.15,0.37
451934,LC20140513,5/20/2014,0.62,0.04
451935,LC20140513,5/21/2014,0.62,0.13
451937,LC20140513,5/20/2014,0.53,0.04
451939,LC20140513,5/19/2014,0.49,0.33
451941,LC20140513,5/21/2014,0.49,0.09
451942,LC20140513,5/19/2014,0.31,0.11
451946,LC20140513,5/14/2014,4.92,0.04
451947,LC20140513,5/13/2014,4.9,0.05
451948,LC20140513,5/14/2014,4.9,0.16
451949,LC20140513,5/15/2014,4.9,0.38
451950,LC20140513,5/13/2014,5.3,0.29
451951,LC20140513,5/14/2014,5.3,0.17
451953,LC20140513,5/13/2014,5.73,0.26
451954,LC20140513,5/15/2014,5.76,0.54
451955,LC20140513,5/13/2014,5.85,0.19
451958,LC20140513,5/13/2014,5.93,0.14
451959,LC20140513,5/14/2014,5.93,0.28
451961,LC20140513,5/14/2014,6.05,0.15
451962,LC20140513,5/15/2014,6.05,0.08
451964,LC20140513,5/14/2014,6.06,0.05
451968,LC20140513,5/13/2014,6.31,0.09
451969,LC20140513,5/14/2014,6.31,0.31
451970,LC20140513,5/15/2014,6.31,0.19
451971,LC20140513,5/13/2014,6.35,0.35
451972,LC20140513,5/14/2014,6.35,0.48
451974,LC20140513,5/13/2014,6.38,0.46
451975,LC20140513,5/18/2014,6.57,0.09
451976,LC20140513,5/16/2014,6.61,0.93
451977,LC20140513,5/17/2014,6.61,0.12
451978,LC20140513,5/18/2014,6.61,0.46
451979,LC20140513,5/16/2014,6.62,1.87
451982,LC20140513,5/17/2014,6.78,0.09
451983,LC20140513,5/18/2014,6.78,0.13
451985,LC20140513,5/17/2014,6.85,0.14
451986,LC20140513,5/18/2014,6.85,0.21
451987,LC20140513,5/16/2014,7.06,0.45
451988,LC20140513,5/17/2014,7.06,0.40
451989,LC20140513,5/16/2014,7.58,0.60
451990,LC20140513,5/17/2014,7.58,0.11
451992,LC20140513,5/16/2014,7.59,0.10
451995,LC20140513,5/16/2014,7.61,0.26
451997,LC20140513,5/13/2014,5,0.10
451999,LC20140513,5/15/2014,5.03,0.14
452000,LC20140513,5/13/2014,4.96,0.87
452001,LC20140513,5/14/2014,4.96,0.33
452003,LC20140513,5/14/2014,5.73,0.42
452007,LC20140513,5/15/2014,5.75,0.08
452008,LC20140513,5/13/2014,5.78,0.15
452009,LC20140513,5/14/2014,5.76,0.25
452011,LC20140513,5/14/2014,5.99,0.05
452012,LC20140513,5/15/2014,5.99,0.52
452014,LC20140513,5/14/2014,6.04,0.05
452016,LC20140513,5/13/2014,6.05,0.23
452017,LC20140513,5/15/2014,6.07,0.20
452018,LC20140513,5/13/2014,6.15,0.09
452019,LC20140513,5/14/2014,6.15,0.10
452020,LC20140513,5/15/2014,6.15,0.08
452022,LC20140513,5/14/2014,6.29,0.31
452024,LC20140513,5/14/2014,6.38,0.13
452025,LC20140513,5/15/2014,6.43,0.33
452026,LC20140513,5/16/2014,6.49,0.29
452027,LC20140513,5/17/2014,6.49,0.38
452028,LC20140513,5/18/2014,6.49,0.09
452029,LC20140513,5/16/2014,6.57,0.74
452030,LC20140513,5/17/2014,6.57,0.12
452032,LC20140513,5/17/2014,6.7,0.05
452033,LC20140513,5/18/2014,6.68,1.72
452034,LC20140513,5/16/2014,6.75,1.72
452035,LC20140513,5/17/2014,6.75,0.09
452036,LC20140513,5/18/2014,6.75,0.13
452037,LC20140513,5/16/2014,6.78,0.07
452038,LC20140513,5/18/2014,7.06,0.16
452039,LC20140513,5/16/2014,7.08,0.37
452040,LC20140513,5/17/2014,7.08,0.10
452041,LC20140513,5/18/2014,7.08,0.08
452042,LC20140513,5/16/2014,7.57,0.03
452043,LC20140513,5/17/2014,7.57,0.26
452044,LC20140513,5/18/2014,7.57,0.12
452048,LC20140513,5/17/2014,7.7,0.11
452049,LC20140513,5/18/2014,7.7,0.04
452053,LC20140513,5/16/2014,7.82,0.10
452054,LC20140513,5/17/2014,7.82,0.11
452056,LC20140513,5/16/2014,7.87,1.31
452057,LC20140513,5/17/2014,7.87,0.53
452058,LC20140513,5/18/2014,7.87,0.15
452059,LC20140513,5/20/2014,8.07,0.29
452060,LC20140513,5/21/2014,8.07,0.40
452061,LC20140513,5/19/2014,8.17,0.19
452062,LC20140513,5/20/2014,8.17,0.37
452063,LC20140513,5/21/2014,8.17,0.20
452064,LC20140513,5/19/2014,8.2,0.73
452065,LC20140513,5/20/2014,8.2,0.08
452066,LC20140513,5/19/2014,8.42,0.38
452067,LC20140513,5/20/2014,8.42,0.17
452068,LC20140513,5/21/2014,8.42,0.12
452069,LC20140513,5/19/2014,8.47,0.28
452072,LC20140513,5/19/2014,8.5,1.41
452073,LC20140513,5/21/2014,8.68,0.08
452075,LC20140513,5/20/2014,9.44,0.25
452076,LC20140513,5/21/2014,9.44,0.24
452077,LC20140513,5/19/2014,8.87,0.23
452078,LC20140513,5/20/2014,8.82,0.59
452079,LC20140513,5/21/2014,8.82,0.16
452080,LC20140513,5/20/2014,9.25,0.38
452081,LC20140513,5/21/2014,9.25,0.25
452082,LC20140513,5/19/2014,9.28,0.52
452083,LC20140513,5/20/2014,9.28,0.72
452084,LC20140513,5/21/2014,9.28,0.35
452085,LC20140513,5/19/2014,9.33,0.09
452087,LC20140513,5/19/2014,9.55,0.09
452088,LC20140513,5/20/2014,9.55,0.25
452089,LC20140513,5/21/2014,9.55,0.21
452090,LC20140513,5/13/2014,13.58,0.10
452095,LC20140513,5/13/2014,13.67,0.16
452096,LC20140513,5/14/2014,13.67,0.20
452101,LC20140513,5/14/2014,13.86,0.04
452104,LC20140513,5/14/2014,13.87,0.22
452105,LC20140513,5/15/2014,13.87,1.22
452106,LC20140513,5/13/2014,13.95,0.65
452108,LC20140513,5/17/2014,7.97,1.16
452109,LC20140513,5/18/2014,7.97,0.18
452110,LC20140513,5/16/2014,7.98,2.15
452111,LC20140513,5/17/2014,7.98,0.07
452113,LC20140513,5/19/2014,8.07,0.49
452114,LC20140513,5/21/2014,8.2,0.16
452116,LC20140513,5/20/2014,8.23,0.12
452117,LC20140513,5/21/2014,8.22,1.70
452120,LC20140513,5/21/2014,8.37,0.04
452121,LC20140513,5/20/2014,8.45,0.80
452122,LC20140513,5/21/2014,8.45,0.15
452123,LC20140513,5/19/2014,8.64,0.46
452124,LC20140513,5/20/2014,8.64,0.25
452126,LC20140513,5/19/2014,8.68,0.32
452127,LC20140513,5/20/2014,8.68,0.13
452128,LC20140513,5/19/2014,9.03,0.95
452129,LC20140513,5/20/2014,8.89,2.01
452130,LC20140513,5/21/2014,9.12,1.08
452131,LC20140513,5/19/2014,9.05,0.75
452132,LC20140513,5/20/2014,9.05,0.17
452133,LC20140513,5/21/2014,9.05,0.35
452134,LC20140513,5/19/2014,9.25,0.35
452135,LC20140513,5/21/2014,9.33,0.21
452139,LC20140513,5/19/2014,9.4,0.04
452141,LC20140513,5/21/2014,9.4,0.05
452142,LC20140513,5/14/2014,13.63,0.20
452149,LC20140513,5/13/2014,13.73,0.05
452162,LC20140513,5/14/2014,14.02,0.41
452163,LC20140513,5/15/2014,14.02,0.53
452164,LC20140513,5/13/2014,14.05,0.92
452170,LC20140513,5/17/2014,16.36,3.89
452172,LC20140513,5/19/2014,16.36,0.34
452173,LC20140513,5/17/2014,16.48,0.16
452175,LC20140513,5/19/2014,16.48,0.04
452176,LC20140513,5/17/2014,16.57,0.75
452178,LC20140513,5/17/2014,16.87,0.52
452179,LC20140513,5/18/2014,16.87,1.24
452181,LC20140513,5/17/2014,16.89,2.42
452182,LC20140513,5/18/2014,16.89,3.01
452183,LC20140513,5/19/2014,16.89,1.89
452185,LC20140513,5/19/2014,17.02,0.68
452191,LC20140513,5/13/2014,13.55,1.51
452192,LC20140513,5/14/2014,13.55,0.84
452194,LC20140513,5/13/2014,13.48,1.21
452196,LC20140513,5/15/2014,13.48,0.12
452198,LC20140513,5/18/2014,12.27,0.24
452199,LC20140513,5/16/2014,12.24,1.36
452200,LC20140513,5/17/2014,12.24,0.63
452201,LC20140513,5/18/2014,12.24,0.05
452202,LC20140513,5/16/2014,12.12,0.88
452203,LC20140513,5/17/2014,12.12,0.37
452204,LC20140513,5/18/2014,12.13,0.28
452205,LC20140513,5/17/2014,11.96,0.30
452206,LC20140513,5/18/2014,11.97,2.22
452207,LC20140513,5/16/2014,11.93,0.04
452209,LC20140513,5/18/2014,11.93,0.39
452210,LC20140513,5/16/2014,11.89,0.26
452211,LC20140513,5/17/2014,11.89,0.09
452212,LC20140513,5/16/2014,11.67,0.91
452213,LC20140513,5/17/2014,11.67,0.25
452214,LC20140513,5/18/2014,11.67,0.35
452215,LC20140513,5/16/2014,11.65,0.35
452216,LC20140513,5/17/2014,11.65,0.15
452217,LC20140513,5/18/2014,11.65,0.07
452218,LC20140513,5/16/2014,11.64,0.03
452220,LC20140513,5/14/2014,14.08,0.05
452222,LC20140513,5/13/2014,14.1,0.71
452223,LC20140513,5/14/2014,14.1,0.83
452224,LC20140513,5/15/2014,14.1,0.50
452230,LC20140513,5/17/2014,16.77,0.20
452231,LC20140513,5/18/2014,16.77,0.05
452236,LC20140513,5/18/2014,16.97,0.35
452240,LC20140513,5/13/2014,13.57,1.06
452241,LC20140513,5/14/2014,13.57,0.07
452242,LC20140513,5/15/2014,13.57,0.64
452243,LC20140513,5/13/2014,13.57,0.55
452244,LC20140513,5/14/2014,13.57,0.56
452245,LC20140513,5/15/2014,13.57,0.97
452246,LC20140513,5/14/2014,13.48,0.96
452250,LC20140513,5/15/2014,13.32,0.25
452252,LC20140513,5/14/2014,13.27,0.21
452253,LC20140513,5/15/2014,13.27,0.21
452255,LC20140513,5/14/2014,13.23,0.30
452257,LC20140513,5/13/2014,13.03,0.27
452258,LC20140513,5/14/2014,13.03,0.30
452259,LC20140513,5/15/2014,13.03,0.24
452260,LC20140513,5/13/2014,12.97,0.18
452261,LC20140513,5/14/2014,12.97,0.13
452262,LC20140513,5/15/2014,12.97,0.51
452264,LC20140513,5/14/2014,12.91,0.23
452265,LC20140513,5/15/2014,12.91,0.37
452266,LC20140513,5/13/2014,12.86,0.04
452268,LC20140513,5/15/2014,12.86,0.18
452269,LC20140513,5/13/2014,12.8,0.13
452270,LC20140513,5/14/2014,12.8,0.52
452271,LC20140513,5/15/2014,12.8,0.47
452272,LC20140513,5/13/2014,12.75,0.57
452273,LC20140513,5/14/2014,12.75,0.53
452274,LC20140513,5/15/2014,12.75,0.29
452275,LC20140513,5/13/2014,12.66,0.13
452276,LC20140513,5/14/2014,12.66,0.25
452277,LC20140513,5/15/2014,12.66,0.18
452278,LC20140513,5/13/2014,12.65,0.17
452279,LC20140513,5/14/2014,12.65,0.10
452280,LC20140513,5/15/2014,12.63,0.62
452281,LC20140513,5/13/2014,12.49,0.26
452282,LC20140513,5/14/2014,12.49,0.58
452283,LC20140513,5/15/2014,12.49,0.13
452287,LC20140513,5/13/2014,12.42,0.52
452288,LC20140513,5/14/2014,12.42,0.86
452289,LC20140513,5/15/2014,12.42,0.98
452290,LC20140513,5/13/2014,12.39,0.26
452291,LC20140513,5/14/2014,12.39,0.11
452292,LC20140513,5/15/2014,12.39,0.20
452293,LC20140513,5/16/2014,12.27,0.18
452295,LC20140513,5/16/2014,12.1,1.16
452296,LC20140513,5/17/2014,12.1,0.76
452297,LC20140513,5/18/2014,12.13,1.00
452298,LC20140513,5/16/2014,11.98,0.41
452299,LC20140513,5/17/2014,11.98,0.27
452300,LC20140513,5/18/2014,11.98,0.36
452301,LC20140513,5/16/2014,11.96,1.26
452302,LC20140513,5/18/2014,11.89,0.41
452304,LC20140513,5/17/2014,11.88,0.46
452305,LC20140513,5/18/2014,11.88,0.19
452306,LC20140513,5/16/2014,11.74,0.79
452307,LC20140513,5/17/2014,11.74,0.24
452308,LC20140513,5/18/2014,11.74,0.18
452309,LC20140513,5/17/2014,11.64,0.10
452310,LC20140513,5/18/2014,11.64,0.07
452311,LC20140513,5/16/2014,11.46,0.27
452312,LC20140513,5/17/2014,11.46,0.11
452313,LC20140513,5/18/2014,11.46,0.10
452314,LC20140513,5/16/2014,11.44,0.27
452315,LC20140513,5/17/2014,11.44,0.93
452316,LC20140513,5/18/2014,11.44,0.13
452317,LC20140513,5/16/2014,11.42,0.25
452318,LC20140513,5/17/2014,11.42,0.33
452319,LC20140513,5/18/2014,11.42,0.13
452320,LC20140513,5/16/2014,11.35,0.10
452321,LC20140513,5/17/2014,11.35,0.17
452322,LC20140513,5/18/2014,11.35,0.06
452323,LC20140513,5/16/2014,11.33,0.03
452324,LC20140513,5/17/2014,11.33,0.06
452325,LC20140513,5/18/2014,11.33,0.16
452326,LC20140513,5/16/2014,11.29,0.07
452327,LC20140513,5/17/2014,11.29,0.05
452328,LC20140513,5/18/2014,11.29,0.06
452329,LC20140513,5/16/2014,11.21,0.13
452330,LC20140513,5/17/2014,11.21,0.71
452331,LC20140513,5/18/2014,11.21,0.41
452332,LC20140513,5/19/2014,11.1,0.09
452334,LC20140513,5/21/2014,11.1,0.05
452335,LC20140513,5/19/2014,11.07,0.26
452336,LC20140513,5/20/2014,11.07,0.18
452340,LC20140513,5/21/2014,11.05,0.15
452341,LC20140513,5/19/2014,10.8,1.22
452342,LC20140513,5/20/2014,10.8,0.67
452343,LC20140513,5/21/2014,10.8,0.24
452346,LC20140513,5/21/2014,10.74,0.28
452347,LC20140513,5/19/2014,10.72,0.08
452349,LC20140513,5/21/2014,10.72,0.18
452350,LC20140513,5/19/2014,10.63,0.04
452352,LC20140513,5/21/2014,10.63,0.04
452353,LC20140513,5/19/2014,10.56,0.78
452354,LC20140513,5/20/2014,10.56,0.36
452356,LC20140513,5/19/2014,10.55,0.12
452359,LC20140513,5/19/2014,10.48,0.94
452360,LC20140513,5/20/2014,10.48,0.42
452361,LC20140513,5/21/2014,10.48,0.26
452362,LC20140513,5/19/2014,10.48,0.30
452363,LC20140513,5/20/2014,10.48,0.04
452364,LC20140513,5/21/2014,10.48,0.21
452366,LC20140513,5/20/2014,10.44,0.09
452367,LC20140513,5/21/2014,10.44,0.20
452368,LC20140513,5/19/2014,10.42,0.21
452369,LC20140513,5/20/2014,10.42,0.13
452370,LC20140513,5/21/2014,10.42,0.24
452371,LC20140513,5/19/2014,10.39,0.05
452377,LC20140513,5/19/2014,10.2,0.75
452378,LC20140513,5/20/2014,10.2,0.05
452380,LC20140513,5/19/2014,10.17,0.05
452382,LC20140513,5/21/2014,10.19,0.45
452383,LC20140513,5/19/2014,10.13,0.34
452384,LC20140513,5/20/2014,10.13,0.11
452385,LC20140513,5/21/2014,10.11,0.30
452387,LC20140513,5/20/2014,10.05,0.44
452388,LC20140513,5/21/2014,10.04,0.11
452389,LC20140513,5/19/2014,9.85,0.23
452391,LC20140513,5/21/2014,9.85,0.14
